video_id,title,description,publish_date,keywords,length_seconds,views,likes,url
mJjt2Xda7og,Աշխատանք ֆայլերի հետ | Բաժին 29.1 |  Python խնդիրներ,"ՆՇՈՒՄ։ Պետք ա վերջում գրեի `f.close()`

Խնդրի հղումը ՝ 
https://profound.academy/python-introduction/working-with-files-in-python-iQj5YSSfSCYUJaLXRJ28
---
Եթե կան խնդիրներ որոնց համար կուզեք տեսնել վիդեո-լուծումներ լրացրեք՝
https://forms.gle/zkiHGX6Xac8afNZR6
---
Թեմաներ՝
00:00 Ողջույն բոլորին
00:26 կոդի սկիզբ",2025-06-19 06:36:48-07:00,[],282,2,,https://youtube.com/watch?v=mJjt2Xda7og
SNqlsV_TsKQ,Տպել վերջին տողը | Բաժին 29.2 |  Python խնդիրներ,"Խնդրի հղումը ՝ 
https://profound.academy/python-introduction/print-the-last-line-BLvEzou9IEiWVv5K7ywt
---
Եթե կան խնդիրներ որոնց համար կուզեք տեսնել վիդեո-լուծումներ լրացրեք՝
https://forms.gle/zkiHGX6Xac8afNZR6
---
Թեմաներ՝
00:00 Ողջույն բոլորին
00:24 կոդի սկիզբ",2025-06-19 06:35:22-07:00,[],129,20,,https://youtube.com/watch?v=SNqlsV_TsKQ
cnVs7BPWGwU,with statement | Բաժին 29.3 |  Python խնդիրներ,"Խնդրի հղումը ՝ 
https://profound.academy/python-introduction/with-statement-be5s6aVSeorndvnbW2gw
---
Եթե կան խնդիրներ որոնց համար կուզեք տեսնել վիդեո-լուծումներ լրացրեք՝
https://forms.gle/zkiHGX6Xac8afNZR6
---
Թեմաներ՝
00:00 Ողջույն բոլորին
00:53 կոդի սկիզբ",2025-06-19 06:34:29-07:00,[],176,22,,https://youtube.com/watch?v=cnVs7BPWGwU
9ZMlZIcPMOM,Եկամուտ և ծախսեր | Բաժին 29.4 |  Python խնդիրներ,"Խնդրի հղումը ՝ 
https://profound.academy/python-introduction/income-and-expenses-A6x5VcQJkmcBrMYaJvug
---
Եթե կան խնդիրներ որոնց համար կուզեք տեսնել վիդեո-լուծումներ լրացրեք՝
https://forms.gle/zkiHGX6Xac8afNZR6
---
Թեմաներ՝
00:00 Ողջույն բոլորին
01:09 կոդի սկիզբ",2025-06-19 06:33:28-07:00,[],386,7,,https://youtube.com/watch?v=9ZMlZIcPMOM
imuGyNNZ5Is,Ֆայլում գրել | Բաժին 29.5 |  Python խնդիրներ,"Խնդրի հղումը ՝ 
https://profound.academy/python-introduction/writing-to-file-MbwpEuT3yFvJaS4nlIl9
---
Եթե կան խնդիրներ որոնց համար կուզեք տեսնել վիդեո-լուծումներ լրացրեք՝
https://forms.gle/zkiHGX6Xac8afNZR6
---
Թեմաներ՝
00:00 Ողջույն բոլորին
00:31 կոդի սկիզբ",2025-06-19 06:32:22-07:00,[],140,1,,https://youtube.com/watch?v=imuGyNNZ5Is
qtcwzKy1hF8,Ֆայլերի միավորում | Բաժին 29.6 |  Python խնդիրներ,"Խնդրի հղումը ՝ 
https://profound.academy/python-introduction/concatenation-of-files-6U0GRvj47Qw1LxooGErb
---
Եթե կան խնդիրներ որոնց համար կուզեք տեսնել վիդեո-լուծումներ լրացրեք՝
https://forms.gle/zkiHGX6Xac8afNZR6
---
Թեմաներ՝
00:00 Ողջույն բոլորին
00:30 կոդի սկիզբ",2025-06-19 06:31:25-07:00,[],370,1,,https://youtube.com/watch?v=qtcwzKy1hF8
aCQbNOuJ3Oo,Աշխատանք մի քանի ֆայլերի հետ | Բաժին 29.7 |  Python խնդիրներ,"Խնդրի հղումը ՝ 
https://profound.academy/python-introduction/working-with-multiple-files-buvHlB5nHb2JAvXaKB76
---
Եթե կան խնդիրներ որոնց համար կուզեք տեսնել վիդեո-լուծումներ լրացրեք՝
https://forms.gle/zkiHGX6Xac8afNZR6
---
Թեմաներ՝
00:00 Ողջույն բոլորին
01:12 կոդի սկիզբ",2025-06-19 06:29:34-07:00,[],255,5,,https://youtube.com/watch?v=aCQbNOuJ3Oo
F-yXZ8aNmKw,Ավելացում ֆայլին | Բաժին 29.8 |  Python խնդիրներ,"Խնդրի հղումը ՝ 
https://profound.academy/python-introduction/appending-to-a-file-VupVv6hz9LxavkK0BLDp
---
Եթե կան խնդիրներ որոնց համար կուզեք տեսնել վիդեո-լուծումներ լրացրեք՝
https://forms.gle/zkiHGX6Xac8afNZR6
---
Թեմաներ՝
00:00 Ողջույն բոլորին
01:00 կոդի սկիզբ",2025-06-19 06:28:41-07:00,[],171,15,,https://youtube.com/watch?v=F-yXZ8aNmKw
6BAg6uS2cOM,Միավորել երկու ֆայլ | Բաժին 29.9 |  Python խնդիրներ,"Խնդրի հղումը ՝ 
https://profound.academy/python-introduction/concatenate-two-files-DdQFOWWv7lsdr8INWBUj
---
Եթե կան խնդիրներ որոնց համար կուզեք տեսնել վիդեո-լուծումներ լրացրեք՝
https://forms.gle/zkiHGX6Xac8afNZR6
---
Թեմաներ՝
00:00 Ողջույն բոլորին
01:00 կոդի սկիզբ",2025-06-19 06:27:43-07:00,[],456,1,,https://youtube.com/watch?v=6BAg6uS2cOM
Qs-KB9Eq8Ok,Մաքրել log-երը | Բաժին 29.10 |  Python խնդիրներ,"Խնդրի հղումը ՝ 
https://profound.academy/python-introduction/clean-the-logs-MArG9dc67co9m1ZcQE4X
---
Եթե կան խնդիրներ որոնց համար կուզեք տեսնել վիդեո-լուծումներ լրացրեք՝
https://forms.gle/zkiHGX6Xac8afNZR6
---
Թեմաներ՝
00:00 Ողջույն բոլորին
01:09 կոդի սկիզբ",2025-06-19 06:26:22-07:00,[],529,3,,https://youtube.com/watch?v=Qs-KB9Eq8Ok
